year,donor_name,currency,prices,ODA,ODA (Projected Scenario 2),ODA (Projected Scenario 3)
2000,DAC Countries,USD,current,54021520000.0,,
2001,DAC Countries,USD,current,52769530000.0,,
2002,DAC Countries,USD,current,58658870000.0,,
2003,DAC Countries,USD,current,69608000000.0,,
2004,DAC Countries,USD,current,80222080000.0,,
2005,DAC Countries,USD,current,108432470000.0,,
2006,DAC Countries,USD,current,105615840000.0,,
2007,DAC Countries,USD,current,105100450000.0,,
2008,DAC Countries,USD,current,122982550000.0,,
2009,DAC Countries,USD,current,120750560000.0,,
2010,DAC Countries,USD,current,128554830000.0,,
2011,DAC Countries,USD,current,135206220000.0,,
2012,DAC Countries,USD,current,127125890000.0,,
2013,DAC Countries,USD,current,134951630000.0,,
2014,DAC Countries,USD,current,137647220000.0,,
2015,DAC Countries,USD,current,131668290000.0,,
2016,DAC Countries,USD,current,145051270000.0,,
2017,DAC Countries,USD,current,147292270000.0,,
2018,DAC Countries,USD,current,153629670000.0,,
2019,DAC Countries,USD,current,151870740000.0,,
2020,DAC Countries,USD,current,162362870000.0,,
2021,DAC Countries,USD,current,186130810000.0,,
2022,DAC Countries,USD,current,210808500000.0,,
2023,DAC Countries,USD,current,223454970000.0,,
2024,DAC Countries,USD,current,212086390000.0,212086390000.0,212086390000.0
2025,DAC Countries,USD,current,,192476177408.29236,183296680741.62567
2026,DAC Countries,USD,current,,178737777025.5229,160378783692.18954
2027,DAC Countries,USD,current,,163124652525.72327,135586162525.72327
2000,Australia,USD,current,987140000.0,,
2000,Austria,USD,current,439700000.0,,
2000,Belgium,USD,current,819660000.0,,
2000,Canada,USD,current,1743600000.0,,
2000,Czechia,USD,current,16160000.0,,
2000,Denmark,USD,current,1664180000.0,,
2000,Estonia,USD,current,520000.0,,
2000,Finland,USD,current,370840000.0,,
2000,France,USD,current,4104710000.0,,
2000,Germany,USD,current,5030000000.0,,
2000,Greece,USD,current,226000000.0,,
2000,Iceland,USD,current,8610000.0,,
2000,Ireland,USD,current,234000000.0,,
2000,Italy,USD,current,1376260000.0,,
2000,Japan,USD,current,13507960000.0,,
2000,Korea,USD,current,212070000.0,,
2000,Luxembourg,USD,current,122970000.0,,
2000,Netherlands,USD,current,3134780000.0,,
2000,New Zealand,USD,current,113220000.0,,
2000,Norway,USD,current,1263560000.0,,
2000,Poland,USD,current,28810000.0,,
2000,Portugal,USD,current,270620000.0,,
2000,Slovak Republic,USD,current,5860000.0,,
2000,Spain,USD,current,1194820000.0,,
2000,Sweden,USD,current,1798950000.0,,
2000,Switzerland,USD,current,890370000.0,,
2000,United Kingdom,USD,current,4501260000.0,,
2000,United States,USD,current,9954890000.0,,
2001,Australia,USD,current,872780000.0,,
2001,Austria,USD,current,633090000.0,,
2001,Belgium,USD,current,867320000.0,,
2001,Canada,USD,current,1532750000.0,,
2001,Czechia,USD,current,26490000.0,,
2001,Denmark,USD,current,1634420000.0,,
2001,Estonia,USD,current,490000.0,,
2001,Finland,USD,current,389000000.0,,
2001,France,USD,current,4198029999.9999995,,
2001,Germany,USD,current,4989500000.0,,
2001,Greece,USD,current,201540000.0,,
2001,Iceland,USD,current,9730000.0,,
2001,Ireland,USD,current,286530000.0,,
2001,Italy,USD,current,1626950000.0,,
2001,Japan,USD,current,9846820000.0,,
2001,Korea,USD,current,264649999.99999997,,
2001,Lithuania,USD,current,1750000.0,,
2001,Luxembourg,USD,current,138940000.0,,
2001,Netherlands,USD,current,3172490000.0,,
2001,New Zealand,USD,current,111660000.0,,
2001,Norway,USD,current,1345910000.0,,
2001,Poland,USD,current,35560000.0,,
2001,Portugal,USD,current,268450000.0,,
2001,Slovak Republic,USD,current,8279999.999999999,,
2001,Spain,USD,current,1737040000.0,,
2001,Sweden,USD,current,1665600000.0,,
2001,Switzerland,USD,current,908210000.0,,
2001,United Kingdom,USD,current,4566200000.0,,
2001,United States,USD,current,11429350000.0,,
2002,Australia,USD,current,988740000.0,,
2002,Austria,USD,current,520159999.99999994,,
2002,Belgium,USD,current,1071589999.9999999,,
2002,Canada,USD,current,2004160000.0,,
2002,Czechia,USD,current,45430000.0,,
2002,Denmark,USD,current,1643240000.0,,
2002,Estonia,USD,current,1250000.0,,
2002,Finland,USD,current,462190000.0,,
2002,France,USD,current,5486150000.0,,
2002,Germany,USD,current,5324430000.0,,
2002,Greece,USD,current,276130000.0,,
2002,Iceland,USD,current,12650000.0,,
2002,Ireland,USD,current,397750000.0,,
2002,Italy,USD,current,2332130000.0,,
2002,Japan,USD,current,9282960000.0,,
2002,Korea,USD,current,278780000.0,,
2002,Latvia,USD,current,1500000.0,,
2002,Lithuania,USD,current,1640000.0,,
2002,Luxembourg,USD,current,146760000.0,,
2002,Netherlands,USD,current,3338010000.0,,
2002,New Zealand,USD,current,121860000.0,,
2002,Norway,USD,current,1696090000.0,,
2002,Poland,USD,current,14260000.0,,
2002,Portugal,USD,current,322580000.0,,
2002,Slovak Republic,USD,current,6680000.0,,
2002,Spain,USD,current,1712210000.0,,
2002,Sweden,USD,current,2011560000.0,,
2002,Switzerland,USD,current,938870000.0,,
2002,United Kingdom,USD,current,4929040000.0,,
2002,United States,USD,current,13290070000.0,,
2003,Australia,USD,current,1218600000.0,,
2003,Austria,USD,current,504780000.0,,
2003,Belgium,USD,current,1853400000.0,,
2003,Canada,USD,current,2030600000.0,,
2003,Czechia,USD,current,90550000.0,,
2003,Denmark,USD,current,1748160000.0,,
2003,Estonia,USD,current,1080000.0,,
2003,Finland,USD,current,558490000.0,,
2003,France,USD,current,7253090000.0,,
2003,Germany,USD,current,6784180000.0,,
2003,Greece,USD,current,362160000.0,,
2003,Hungary,USD,current,21230000.0,,
2003,Iceland,USD,current,17660000.0,,
2003,Ireland,USD,current,503560000.0,,
2003,Italy,USD,current,2432850000.0,,
2003,Japan,USD,current,8879660000.0,,
2003,Korea,USD,current,365910000.0,,
2003,Latvia,USD,current,880000.0,,
2003,Lithuania,USD,current,1910000.0,,
2003,Luxembourg,USD,current,193830000.0,,
2003,Netherlands,USD,current,3972170000.0,,
2003,New Zealand,USD,current,165440000.0,,
2003,Norway,USD,current,2043870000.0,,
2003,Poland,USD,current,27140000.0,,
2003,Portugal,USD,current,319600000.0,,
2003,Slovak Republic,USD,current,15070000.0,,
2003,Spain,USD,current,1961260000.0,,
2003,Sweden,USD,current,2400110000.0,,
2003,Switzerland,USD,current,1299490000.0,,
2003,United Kingdom,USD,current,6261750000.0,,
2003,United States,USD,current,16319520000.0,,
2004,Australia,USD,current,1460130000.0,,
2004,Austria,USD,current,677630000.0,,
2004,Belgium,USD,current,1463310000.0,,
2004,Canada,USD,current,2599130000.0,,
2004,Czechia,USD,current,108280000.0,,
2004,Denmark,USD,current,2037130000.0,,
2004,Estonia,USD,current,4840000.0,,
2004,Finland,USD,current,679870000.0,,
2004,France,USD,current,8472559999.999999,,
2004,Germany,USD,current,7534210000.0,,
2004,Greece,USD,current,320830000.0,,
2004,Hungary,USD,current,70140000.0,,
2004,Iceland,USD,current,21260000.0,,
2004,Ireland,USD,current,607440000.0,,
2004,Italy,USD,current,2461540000.0,,
2004,Japan,USD,current,8922460000.0,,
2004,Korea,USD,current,423320000.0,,
2004,Latvia,USD,current,8330000.0,,
2004,Lithuania,USD,current,9070000.0,,
2004,Luxembourg,USD,current,235590000.0,,
2004,Netherlands,USD,current,4203819999.9999995,,
2004,New Zealand,USD,current,212100000.0,,
2004,Norway,USD,current,2198290000.0,,
2004,Poland,USD,current,117510000.0,,
2004,Portugal,USD,current,1031050000.0,,
2004,Slovak Republic,USD,current,28190000.0,,
2004,Spain,USD,current,2436990000.0,,
2004,Sweden,USD,current,2722010000.0,,
2004,Switzerland,USD,current,1545440000.0,,
2004,United Kingdom,USD,current,7904700000.0,,
2004,United States,USD,current,19704910000.0,,
2005,Australia,USD,current,1680160000.0,,
2005,Austria,USD,current,1573320000.0,,
2005,Belgium,USD,current,1963360000.0,,
2005,Canada,USD,current,3756340000.0,,
2005,Czechia,USD,current,135150000.0,,
2005,Denmark,USD,current,2108920000.0,,
2005,Estonia,USD,current,9500000.0,,
2005,Finland,USD,current,901940000.0,,
2005,France,USD,current,10026220000.0,,
2005,Germany,USD,current,10082160000.0,,
2005,Greece,USD,current,384220000.0,,
2005,Hungary,USD,current,100370000.0,,
2005,Iceland,USD,current,27260000.0,,
2005,Ireland,USD,current,718940000.0,,
2005,Italy,USD,current,5090900000.0,,
2005,Japan,USD,current,13125550000.0,,
2005,Korea,USD,current,752320000.0,,
2005,Latvia,USD,current,10650000.0,,
2005,Lithuania,USD,current,15530000.0,,
2005,Luxembourg,USD,current,256390000.0,,
2005,Netherlands,USD,current,5114690000.0,,
2005,New Zealand,USD,current,273520000.0,,
2005,Norway,USD,current,2793640000.0,,
2005,Poland,USD,current,204790000.0,,
2005,Portugal,USD,current,377120000.0,,
2005,Slovak Republic,USD,current,56830000.0,,
2005,Slovenia,USD,current,34670000.0,,
2005,Spain,USD,current,3018300000.0,,
2005,Sweden,USD,current,3361680000.0,,
2005,Switzerland,USD,current,1771590000.0,,
2005,United Kingdom,USD,current,10771700000.0,,
2005,United States,USD,current,27934740000.0,,
2006,Australia,USD,current,2123219999.9999998,,
2006,Austria,USD,current,1498430000.0,,
2006,Belgium,USD,current,1976940000.0,,
2006,Canada,USD,current,3683160000.0,,
2006,Czechia,USD,current,160870000.0,,
2006,Denmark,USD,current,2236120000.0,,
2006,Estonia,USD,current,14020000.0,,
2006,Finland,USD,current,834400000.0,,
2006,France,USD,current,10600590000.0,,
2006,Germany,USD,current,10434810000.0,,
2006,Greece,USD,current,423990000.0,,
2006,Hungary,USD,current,149490000.0,,
2006,Iceland,USD,current,41500000.0,,
2006,Ireland,USD,current,1021660000.0,,
2006,Italy,USD,current,3641080000.0,,
2006,Japan,USD,current,11135740000.0,,
2006,Korea,USD,current,455250000.0,,
2006,Latvia,USD,current,11810000.0,,
2006,Lithuania,USD,current,25040000.0,,
2006,Luxembourg,USD,current,290710000.0,,
2006,Netherlands,USD,current,5451720000.0,,
2006,New Zealand,USD,current,258649999.99999997,,
2006,Norway,USD,current,2945240000.0,,
2006,Poland,USD,current,299700000.0,,
2006,Portugal,USD,current,396350000.0,,
2006,Slovak Republic,USD,current,55110000.0,,
2006,Slovenia,USD,current,44010000.0,,
2006,Spain,USD,current,3813670000.0,,
2006,Sweden,USD,current,3954960000.0,,
2006,Switzerland,USD,current,1646440000.0,,
2006,United Kingdom,USD,current,12459020000.0,,
2006,United States,USD,current,23532140000.0,,
2007,Australia,USD,current,2668520000.0,,
2007,Austria,USD,current,1808460000.0,,
2007,Belgium,USD,current,1950700000.0,,
2007,Canada,USD,current,4079690000.0,,
2007,Czechia,USD,current,178880000.0,,
2007,Denmark,USD,current,2562230000.0,,
2007,Estonia,USD,current,16120000.000000002,,
2007,Finland,USD,current,981340000.0,,
2007,France,USD,current,9883590000.0,,
2007,Germany,USD,current,12290700000.0,,
2007,Greece,USD,current,500820000.0,,
2007,Hungary,USD,current,103470000.0,,
2007,Iceland,USD,current,48250000.0,,
2007,Ireland,USD,current,1192150000.0,,
2007,Italy,USD,current,3970620000.0,,
2007,Japan,USD,current,7697140000.0,,
2007,Korea,USD,current,696110000.0,,
2007,Latvia,USD,current,15790000.0,,
2007,Lithuania,USD,current,47600000.0,,
2007,Luxembourg,USD,current,375530000.0,,
2007,Netherlands,USD,current,6224260000.0,,
2007,New Zealand,USD,current,319800000.0,,
2007,Norway,USD,current,3734830000.0,,
2007,Poland,USD,current,362900000.0,,
2007,Portugal,USD,current,470540000.0,,
2007,Slovak Republic,USD,current,67230000.0,,
2007,Slovenia,USD,current,54140000.0,,
2007,Spain,USD,current,5139800000.0,,
2007,Sweden,USD,current,4338940000.0,,
2007,Switzerland,USD,current,1684870000.0,,
2007,United Kingdom,USD,current,9848530000.0,,
2007,United States,USD,current,21786900000.0,,
2008,Australia,USD,current,2954070000.0,,
2008,Austria,USD,current,1713510000.0,,
2008,Belgium,USD,current,2385640000.0,,
2008,Canada,USD,current,4794710000.0,,
2008,Czechia,USD,current,249210000.0,,
2008,Denmark,USD,current,2803280000.0,,
2008,Estonia,USD,current,22010000.0,,
2008,Finland,USD,current,1165730000.0,,
2008,France,USD,current,10907550000.0,,
2008,Germany,USD,current,13980870000.0,,
2008,Greece,USD,current,703160000.0,,
2008,Hungary,USD,current,106940000.0,,
2008,Iceland,USD,current,48410000.0,,
2008,Ireland,USD,current,1327850000.0,,
2008,Italy,USD,current,4860640000.0,,
2008,Japan,USD,current,9600710000.0,,
2008,Korea,USD,current,802340000.0,,
2008,Latvia,USD,current,21820000.0,,
2008,Lithuania,USD,current,47840000.0,,
2008,Luxembourg,USD,current,414940000.0,,
2008,Netherlands,USD,current,6992600000.0,,
2008,New Zealand,USD,current,347960000.0,,
2008,Norway,USD,current,4005760000.0,,
2008,Poland,USD,current,372540000.0,,
2008,Portugal,USD,current,620150000.0,,
2008,Slovak Republic,USD,current,91850000.0,,
2008,Slovenia,USD,current,67600000.0,,
2008,Spain,USD,current,6866830000.0,,
2008,Sweden,USD,current,4731750000.0,,
2008,Switzerland,USD,current,2037630000.0,,
2008,United Kingdom,USD,current,11499870000.0,,
2008,United States,USD,current,26436780000.0,,
2009,Australia,USD,current,2761610000.0,,
2009,Austria,USD,current,1141780000.0,,
2009,Belgium,USD,current,2609600000.0,,
2009,Canada,USD,current,4000070000.0,,
2009,Czechia,USD,current,214700000.0,,
2009,Denmark,USD,current,2809880000.0,,
2009,Estonia,USD,current,18440000.0,,
2009,Finland,USD,current,1290180000.0,,
2009,France,USD,current,12601550000.0,,
2009,Germany,USD,current,12079150000.0,,
2009,Greece,USD,current,607270000.0,,
2009,Hungary,USD,current,116920000.0,,
2009,Iceland,USD,current,34420000.0,,
2009,Ireland,USD,current,1005780000.0,,
2009,Italy,USD,current,3297490000.0,,
2009,Japan,USD,current,9466580000.0,,
2009,Korea,USD,current,816040000.0,,
2009,Latvia,USD,current,20980000.0,,
2009,Lithuania,USD,current,36210000.0,,
2009,Luxembourg,USD,current,414730000.0,,
2009,Netherlands,USD,current,6426080000.0,,
2009,New Zealand,USD,current,309280000.0,,
2009,Norway,USD,current,4081230000.0,,
2009,Poland,USD,current,374890000.0,,
2009,Portugal,USD,current,512700000.00000006,,
2009,Slovak Republic,USD,current,75400000.0,,
2009,Slovenia,USD,current,71240000.0,,
2009,Spain,USD,current,6584110000.0,,
2009,Sweden,USD,current,4548230000.0,,
2009,Switzerland,USD,current,2310070000.0,,
2009,United Kingdom,USD,current,11282610000.0,,
2009,United States,USD,current,28831340000.0,,
2010,Australia,USD,current,3826100000.0,,
2010,Austria,USD,current,1208420000.0,,
2010,Belgium,USD,current,3003930000.0,,
2010,Canada,USD,current,5214120000.0,,
2010,Czechia,USD,current,227560000.0,,
2010,Denmark,USD,current,2871240000.0,,
2010,Estonia,USD,current,18760000.0,,
2010,Finland,USD,current,1332950000.0,,
2010,France,USD,current,12915100000.0,,
2010,Germany,USD,current,12985360000.0,,
2010,Greece,USD,current,507720000.0,,
2010,Hungary,USD,current,114340000.0,,
2010,Iceland,USD,current,28750000.0,,
2010,Ireland,USD,current,895150000.0,,
2010,Italy,USD,current,2996390000.0,,
2010,Japan,USD,current,11057740000.0,,
2010,Korea,USD,current,1173790000.0,,
2010,Latvia,USD,current,15640000.0,,
2010,Lithuania,USD,current,36740000.0,,
2010,Luxembourg,USD,current,402690000.0,,
2010,Netherlands,USD,current,6357310000.0,,
2010,New Zealand,USD,current,342220000.0,,
2010,Norway,USD,current,4371560000.0,,
2010,Poland,USD,current,377750000.0,,
2010,Portugal,USD,current,648960000.0,,
2010,Slovak Republic,USD,current,73710000.0,,
2010,Slovenia,USD,current,58600000.0,,
2010,Spain,USD,current,5949460000.0,,
2010,Sweden,USD,current,4533490000.0,,
2010,Switzerland,USD,current,2299950000.0,,
2010,United Kingdom,USD,current,13052970000.0,,
2010,United States,USD,current,29656360000.0,,
2011,Australia,USD,current,4982910000.0,,
2011,Austria,USD,current,1111370000.0,,
2011,Belgium,USD,current,2807410000.0,,
2011,Canada,USD,current,5458560000.0,,
2011,Czechia,USD,current,250460000.0,,
2011,Denmark,USD,current,2931130000.0,,
2011,Estonia,USD,current,24210000.0,,
2011,Finland,USD,current,1406040000.0,,
2011,France,USD,current,12997240000.0,,
2011,Germany,USD,current,14092940000.0,,
2011,Greece,USD,current,424770000.0,,
2011,Hungary,USD,current,139730000.0,,
2011,Iceland,USD,current,25570000.0,,
2011,Ireland,USD,current,913560000.0,,
2011,Italy,USD,current,4325970000.0,,
2011,Japan,USD,current,11086180000.0,,
2011,Korea,USD,current,1324590000.0,,
2011,Latvia,USD,current,19130000.0,,
2011,Lithuania,USD,current,51680000.0,,
2011,Luxembourg,USD,current,409240000.0,,
2011,Netherlands,USD,current,6343960000.0,,
2011,New Zealand,USD,current,424150000.0,,
2011,Norway,USD,current,4755590000.0,,
2011,Poland,USD,current,417470000.0,,
2011,Portugal,USD,current,707820000.0,,
2011,Slovak Republic,USD,current,86020000.0,,
2011,Slovenia,USD,current,62770000.0,,
2011,Spain,USD,current,4173109999.9999995,,
2011,Sweden,USD,current,5603120000.0,,
2011,Switzerland,USD,current,3050950000.0,,
2011,United Kingdom,USD,current,13832360000.0,,
2011,United States,USD,current,30966210000.0,,
2012,Australia,USD,current,5402700000.0,,
2012,Austria,USD,current,1105750000.0,,
2012,Belgium,USD,current,2314860000.0,,
2012,Canada,USD,current,5650260000.0,,
2012,Czechia,USD,current,219640000.0,,
2012,Denmark,USD,current,2692590000.0,,
2012,Estonia,USD,current,23240000.0,,
2012,Finland,USD,current,1319710000.0,,
2012,France,USD,current,12028270000.0,,
2012,Germany,USD,current,12939490000.0,,
2012,Greece,USD,current,327410000.0,,
2012,Hungary,USD,current,118380000.0,,
2012,Iceland,USD,current,26120000.0,,
2012,Ireland,USD,current,808360000.0,,
2012,Italy,USD,current,2737130000.0,,
2012,Japan,USD,current,10604510000.0,,
2012,Korea,USD,current,1597450000.0,,
2012,Latvia,USD,current,21110000.0,,
2012,Lithuania,USD,current,51910000.0,,
2012,Luxembourg,USD,current,399030000.0,,
2012,Netherlands,USD,current,5522840000.0,,
2012,New Zealand,USD,current,449100000.0,,
2012,Norway,USD,current,4752990000.0,,
2012,Poland,USD,current,421060000.0,,
2012,Portugal,USD,current,580780000.0,,
2012,Slovak Republic,USD,current,79680000.0,,
2012,Slovenia,USD,current,58450000.0,,
2012,Spain,USD,current,2037330000.0,,
2012,Sweden,USD,current,5239790000.0,,
2012,Switzerland,USD,current,3052130000.0,,
2012,United Kingdom,USD,current,13891440000.0,,
2012,United States,USD,current,30652380000.0,,
2013,Australia,USD,current,4845550000.0,,
2013,Austria,USD,current,1171490000.0,,
2013,Belgium,USD,current,2299120000.0,,
2013,Canada,USD,current,4947240000.0,,
2013,Czechia,USD,current,210880000.0,,
2013,Denmark,USD,current,2927460000.0,,
2013,Estonia,USD,current,30680000.0,,
2013,Finland,USD,current,1435360000.0,,
2013,France,USD,current,11338930000.0,,
2013,Germany,USD,current,14228260000.0,,
2013,Greece,USD,current,239070000.0,,
2013,Hungary,USD,current,128180000.0,,
2013,Iceland,USD,current,34910000.0,,
2013,Ireland,USD,current,845850000.0,,
2013,Italy,USD,current,3430070000.0,,
2013,Japan,USD,current,11469090000.0,,
2013,Korea,USD,current,1755380000.0,,
2013,Latvia,USD,current,23720000.0,,
2013,Lithuania,USD,current,50410000.0,,
2013,Luxembourg,USD,current,429320000.0,,
2013,Netherlands,USD,current,5435450000.0,,
2013,New Zealand,USD,current,457310000.0,,
2013,Norway,USD,current,5581360000.0,,
2013,Poland,USD,current,487120000.0,,
2013,Portugal,USD,current,488320000.0,,
2013,Slovak Republic,USD,current,86040000.0,,
2013,Slovenia,USD,current,61550000.0,,
2013,Spain,USD,current,2348090000.0,,
2013,Sweden,USD,current,5827290000.0,,
2013,Switzerland,USD,current,3200120000.0,,
2013,United Kingdom,USD,current,17871350000.0,,
2013,United States,USD,current,31266660000.0,,
2014,Australia,USD,current,4382420000.0,,
2014,Austria,USD,current,1234520000.0,,
2014,Belgium,USD,current,2446190000.0,,
2014,Canada,USD,current,4240040000.0,,
2014,Czechia,USD,current,212150000.0,,
2014,Denmark,USD,current,3003270000.0,,
2014,Estonia,USD,current,37520000.0,,
2014,Finland,USD,current,1634570000.0,,
2014,France,USD,current,10620320000.0,,
2014,Germany,USD,current,16566200000.0,,
2014,Greece,USD,current,247440000.0,,
2014,Hungary,USD,current,144030000.0,,
2014,Iceland,USD,current,37330000.0,,
2014,Ireland,USD,current,815790000.0,,
2014,Italy,USD,current,4009180000.0,,
2014,Japan,USD,current,9483290000.0,,
2014,Korea,USD,current,1856730000.0,,
2014,Latvia,USD,current,25370000.0,,
2014,Lithuania,USD,current,45570000.0,,
2014,Luxembourg,USD,current,423220000.0,,
2014,Netherlands,USD,current,5572970000.0,,
2014,New Zealand,USD,current,506140000.0,,
2014,Norway,USD,current,5085940000.0,,
2014,Poland,USD,current,451840000.0,,
2014,Portugal,USD,current,430230000.0,,
2014,Slovak Republic,USD,current,83210000.0,,
2014,Slovenia,USD,current,61540000.0,,
2014,Spain,USD,current,1876830000.0,,
2014,Sweden,USD,current,6232720000.0,,
2014,Switzerland,USD,current,3521940000.0,,
2014,United Kingdom,USD,current,19263210000.0,,
2014,United States,USD,current,33095500000.0,,
2015,Australia,USD,current,3493610000.0,,
2015,Austria,USD,current,1323510000.0,,
2015,Belgium,USD,current,1904190000.0,,
2015,Canada,USD,current,4277229999.9999995,,
2015,Czechia,USD,current,199000000.0,,
2015,Denmark,USD,current,2565570000.0,,
2015,Estonia,USD,current,33890000.0,,
2015,Finland,USD,current,1288000000.0,,
2015,France,USD,current,9039300000.0,,
2015,Germany,USD,current,17940210000.0,,
2015,Greece,USD,current,238700000.0,,
2015,Hungary,USD,current,155550000.0,,
2015,Iceland,USD,current,39860000.0,,
2015,Ireland,USD,current,718320000.0,,
2015,Italy,USD,current,4003370000.0,,
2015,Japan,USD,current,9202640000.0,,
2015,Korea,USD,current,1915390000.0,,
2015,Latvia,USD,current,23170000.0,,
2015,Lithuania,USD,current,48110000.0,,
2015,Luxembourg,USD,current,362880000.0,,
2015,Netherlands,USD,current,5725510000.0,,
2015,New Zealand,USD,current,441740000.0,,
2015,Norway,USD,current,4277660000.0,,
2015,Poland,USD,current,440890000.0,,
2015,Portugal,USD,current,308030000.0,,
2015,Slovak Republic,USD,current,84910000.0,,
2015,Slovenia,USD,current,63290000.0,,
2015,Spain,USD,current,1396740000.0,,
2015,Sweden,USD,current,7089300000.0,,
2015,Switzerland,USD,current,3529330000.0,,
2015,United Kingdom,USD,current,18552850000.0,,
2015,United States,USD,current,30985540000.0,,
2016,Australia,USD,current,3277520000.0,,
2016,Austria,USD,current,1635480000.0,,
2016,Belgium,USD,current,2300160000.0,,
2016,Canada,USD,current,3930440000.0,,
2016,Czechia,USD,current,260240000.0,,
2016,Denmark,USD,current,2369190000.0,,
2016,Estonia,USD,current,43410000.0,,
2016,Finland,USD,current,1059609999.9999999,,
2016,France,USD,current,9621670000.0,,
2016,Germany,USD,current,24735690000.0,,
2016,Greece,USD,current,368530000.0,,
2016,Hungary,USD,current,199120000.0,,
2016,Iceland,USD,current,58720000.0,,
2016,Ireland,USD,current,802590000.0,,
2016,Italy,USD,current,5087390000.0,,
2016,Japan,USD,current,10416800000.0,,
2016,Korea,USD,current,2246160000.0,,
2016,Latvia,USD,current,30180000.0,,
2016,Lithuania,USD,current,57150000.0,,
2016,Luxembourg,USD,current,391040000.0,,
2016,Netherlands,USD,current,4966260000.0,,
2016,New Zealand,USD,current,446850000.0,,
2016,Norway,USD,current,4380080000.0,,
2016,Poland,USD,current,662950000.0,,
2016,Portugal,USD,current,343070000.0,,
2016,Slovak Republic,USD,current,106010000.0,,
2016,Slovenia,USD,current,81300000.0,,
2016,Spain,USD,current,4223670000.0,,
2016,Sweden,USD,current,4893740000.0,,
2016,Switzerland,USD,current,3582470000.0,,
2016,United Kingdom,USD,current,18052800000.0,,
2016,United States,USD,current,34420980000.0,,
2017,Australia,USD,current,3035960000.0,,
2017,Austria,USD,current,1251270000.0,,
2017,Belgium,USD,current,2196170000.0,,
2017,Canada,USD,current,4304890000.0,,
2017,Czechia,USD,current,304120000.0,,
2017,Denmark,USD,current,2448020000.0,,
2017,Estonia,USD,current,43010000.0,,
2017,Finland,USD,current,1083790000.0,,
2017,France,USD,current,11330860000.0,,
2017,Germany,USD,current,25005060000.0,,
2017,Greece,USD,current,313580000.0,,
2017,Hungary,USD,current,148680000.0,,
2017,Iceland,USD,current,68270000.0,,
2017,Ireland,USD,current,838030000.0,,
2017,Italy,USD,current,5858030000.0,,
2017,Japan,USD,current,11462290000.0,,
2017,Korea,USD,current,2201350000.0,,
2017,Latvia,USD,current,31920000.0,,
2017,Lithuania,USD,current,59230000.0,,
2017,Luxembourg,USD,current,424180000.0,,
2017,Netherlands,USD,current,4958450000.0,,
2017,New Zealand,USD,current,449750000.0,,
2017,Norway,USD,current,4124979999.9999995,,
2017,Poland,USD,current,679460000.0,,
2017,Portugal,USD,current,380460000.0,,
2017,Slovak Republic,USD,current,119200000.0,,
2017,Slovenia,USD,current,75790000.0,,
2017,Spain,USD,current,2560300000.0,,
2017,Sweden,USD,current,5563250000.0,,
2017,Switzerland,USD,current,3146600000.0,,
2017,United Kingdom,USD,current,18093340000.0,,
2017,United States,USD,current,34731980000.0,,
2018,Australia,USD,current,3149000000.0,,
2018,Austria,USD,current,1168530000.0,,
2018,Belgium,USD,current,2311590000.0,,
2018,Canada,USD,current,4678860000.0,,
2018,Czechia,USD,current,305360000.0,,
2018,Denmark,USD,current,2590040000.0,,
2018,Estonia,USD,current,48760000.0,,
2018,Finland,USD,current,984000000.0,,
2018,France,USD,current,12136170000.0,,
2018,Germany,USD,current,24976640000.0,,
2018,Greece,USD,current,290440000.0,,
2018,Hungary,USD,current,284940000.0,,
2018,Iceland,USD,current,74210000.0,,
2018,Ireland,USD,current,934250000.0,,
2018,Italy,USD,current,5189590000.0,,
2018,Japan,USD,current,14163520000.0,,
2018,Korea,USD,current,2358250000.0,,
2018,Latvia,USD,current,34420000.0,,
2018,Lithuania,USD,current,64920000.0,,
2018,Luxembourg,USD,current,473360000.0,,
2018,Netherlands,USD,current,5658970000.0,,
2018,New Zealand,USD,current,556030000.0,,
2018,Norway,USD,current,4257620000.0,,
2018,Poland,USD,current,766040000.0,,
2018,Portugal,USD,current,411120000.0,,
2018,Slovak Republic,USD,current,137740000.0,,
2018,Slovenia,USD,current,83510000.0,,
2018,Spain,USD,current,2890300000.0,,
2018,Sweden,USD,current,6001040000.0,,
2018,Switzerland,USD,current,3101010000.0,,
2018,United Kingdom,USD,current,19397190000.0,,
2018,United States,USD,current,34152250000.0,,
2019,Australia,USD,current,2897740000.0,,
2019,Austria,USD,current,1229880000.0,,
2019,Belgium,USD,current,2174570000.0,,
2019,Canada,USD,current,4725240000.0,,
2019,Czechia,USD,current,309200000.0,,
2019,Denmark,USD,current,2553590000.0,,
2019,Estonia,USD,current,48490000.0,,
2019,Finland,USD,current,1130770000.0,,
2019,France,USD,current,12211360000.0,,
2019,Germany,USD,current,24197700000.0,,
2019,Greece,USD,current,367740000.0,,
2019,Hungary,USD,current,312060000.0,,
2019,Iceland,USD,current,61420000.0,,
2019,Ireland,USD,current,973400000.0,,
2019,Italy,USD,current,4411330000.0,,
2019,Japan,USD,current,15587680000.0,,
2019,Korea,USD,current,2463180000.0,,
2019,Latvia,USD,current,34360000.0,,
2019,Lithuania,USD,current,67670000.0,,
2019,Luxembourg,USD,current,471570000.0,,
2019,Netherlands,USD,current,5292000000.0,,
2019,New Zealand,USD,current,554760000.0,,
2019,Norway,USD,current,4297830000.0,,
2019,Poland,USD,current,776560000.0,,
2019,Portugal,USD,current,409840000.0,,
2019,Slovak Republic,USD,current,115770000.0,,
2019,Slovenia,USD,current,87740000.0,,
2019,Spain,USD,current,2943500000.0,,
2019,Sweden,USD,current,5205240000.0,,
2019,Switzerland,USD,current,3099320000.0,,
2019,United Kingdom,USD,current,19366890000.0,,
2019,United States,USD,current,33492339999.999996,,
2020,Australia,USD,current,2868760000.0,,
2020,Austria,USD,current,1273350000.0,,
2020,Belgium,USD,current,2343580000.0,,
2020,Canada,USD,current,5051670000.0,,
2020,Czechia,USD,current,299140000.0,,
2020,Denmark,USD,current,2651540000.0,,
2020,Estonia,USD,current,49930000.0,,
2020,Finland,USD,current,1278170000.0,,
2020,France,USD,current,14124700000.0,,
2020,Germany,USD,current,28707880000.0,,
2020,Greece,USD,current,325670000.0,,
2020,Hungary,USD,current,417880000.0,,
2020,Iceland,USD,current,57900000.0,,
2020,Ireland,USD,current,987790000.0,,
2020,Italy,USD,current,4248380000.0,,
2020,Japan,USD,current,16260250000.0,,
2020,Korea,USD,current,2250020000.0,,
2020,Latvia,USD,current,40620000.0,,
2020,Lithuania,USD,current,72020000.0,,
2020,Luxembourg,USD,current,452340000.0,,
2020,Netherlands,USD,current,5358940000.0,,
2020,New Zealand,USD,current,529740000.0,,
2020,Norway,USD,current,4195689999.9999995,,
2020,Poland,USD,current,829250000.0,,
2020,Portugal,USD,current,412710000.0,,
2020,Slovak Republic,USD,current,141200000.0,,
2020,Slovenia,USD,current,90730000.0,,
2020,Spain,USD,current,2987040000.0,,
2020,Sweden,USD,current,6348620000.0,,
2020,Switzerland,USD,current,3562860000.0,,
2020,United Kingdom,USD,current,18568190000.0,,
2020,United States,USD,current,35576310000.0,,
2021,Australia,USD,current,3546440000.0,,
2021,Austria,USD,current,1466780000.0,,
2021,Belgium,USD,current,2615510000.0,,
2021,Canada,USD,current,6302740000.0,,
2021,Czechia,USD,current,366110000.0,,
2021,Denmark,USD,current,2921000000.0,,
2021,Estonia,USD,current,60230000.0,,
2021,Finland,USD,current,1441220000.0,,
2021,France,USD,current,15505620000.0,,
2021,Germany,USD,current,33272390000.0,,
2021,Greece,USD,current,340850000.0,,
2021,Hungary,USD,current,435060000.0,,
2021,Iceland,USD,current,70840000.0,,
2021,Ireland,USD,current,1154890000.0,,
2021,Italy,USD,current,6085130000.0,,
2021,Japan,USD,current,17635870000.0,,
2021,Korea,USD,current,2872510000.0,,
2021,Latvia,USD,current,47620000.0,,
2021,Lithuania,USD,current,86390000.0,,
2021,Luxembourg,USD,current,539370000.0,,
2021,Netherlands,USD,current,5287540000.0,,
2021,New Zealand,USD,current,685260000.0,,
2021,Norway,USD,current,4672970000.0,,
2021,Poland,USD,current,983510000.0,,
2021,Portugal,USD,current,458590000.0,,
2021,Slovak Republic,USD,current,155280000.0,,
2021,Slovenia,USD,current,116190000.0,,
2021,Spain,USD,current,3641900000.0,,
2021,Sweden,USD,current,5934170000.0,,
2021,Switzerland,USD,current,3912020000.0,,
2021,United Kingdom,USD,current,15712010000.0,,
2021,United States,USD,current,47804800000.0,,
2022,Australia,USD,current,3045980000.0,,
2022,Austria,USD,current,1847060000.0,,
2022,Belgium,USD,current,2656530000.0,,
2022,Canada,USD,current,7835680000.0,,
2022,Czechia,USD,current,1051260000.0,,
2022,Denmark,USD,current,2770910000.0,,
2022,Estonia,USD,current,200930000.0,,
2022,Finland,USD,current,1615620000.0,,
2022,France,USD,current,16014210000.0,,
2022,Germany,USD,current,35640630000.0,,
2022,Greece,USD,current,360440000.0,,
2022,Hungary,USD,current,371280000.0,,
2022,Iceland,USD,current,94380000.0,,
2022,Ireland,USD,current,2410230000.0,,
2022,Italy,USD,current,6645780000.0,,
2022,Japan,USD,current,17499910000.0,,
2022,Korea,USD,current,2809540000.0,,
2022,Latvia,USD,current,144400000.0,,
2022,Lithuania,USD,current,243260000.0,,
2022,Luxembourg,USD,current,530120000.0,,
2022,Netherlands,USD,current,6469960000.0,,
2022,New Zealand,USD,current,515230000.0,,
2022,Norway,USD,current,5160980000.0,,
2022,Poland,USD,current,3496230000.0,,
2022,Portugal,USD,current,522450000.00000006,,
2022,Slovak Republic,USD,current,171880000.0,,
2022,Slovenia,USD,current,168710000.0,,
2022,Spain,USD,current,4275529999.9999995,,
2022,Sweden,USD,current,5457970000.0,,
2022,Switzerland,USD,current,4497190000.0,,
2022,United Kingdom,USD,current,15761810000.0,,
2022,United States,USD,current,60522410000.0,,
2023,Australia,USD,current,3253290000.0,,
2023,Austria,USD,current,1958530000.0,,
2023,Belgium,USD,current,2814450000.0,,
2023,Canada,USD,current,7965350000.0,,
2023,Czechia,USD,current,810280000.0,,
2023,Denmark,USD,current,3056510000.0,,
2023,Estonia,USD,current,109500000.0,,
2023,Finland,USD,current,1586150000.0,,
2023,France,USD,current,15049510000.0,,
2023,Germany,USD,current,37904780000.0,,
2023,Greece,USD,current,334320000.0,,
2023,Hungary,USD,current,267620000.0,,
2023,Iceland,USD,current,110760000.0,,
2023,Ireland,USD,current,2816590000.0,,
2023,Italy,USD,current,6121170000.0,,
2023,Japan,USD,current,19600370000.0,,
2023,Korea,USD,current,3160260000.0,,
2023,Latvia,USD,current,140930000.0,,
2023,Lithuania,USD,current,213420000.0,,
2023,Luxembourg,USD,current,580310000.0,,
2023,Netherlands,USD,current,7361150000.0,,
2023,New Zealand,USD,current,763910000.0,,
2023,Norway,USD,current,5547970000.0,,
2023,Poland,USD,current,2580380000.0,,
2023,Portugal,USD,current,529110000.0,,
2023,Slovak Republic,USD,current,175450000.0,,
2023,Slovenia,USD,current,163670000.0,,
2023,Spain,USD,current,3879840000.0,,
2023,Sweden,USD,current,5621870000.0,,
2023,Switzerland,USD,current,5219150000.0,,
2023,United Kingdom,USD,current,19072680000.0,,
2023,United States,USD,current,64685690000.0,,
2024,Australia,USD,current,3318640000.0,3318640000.0,3318640000.0
2024,Austria,USD,current,1819620000.0,1819620000.0,1819620000.0
2024,Belgium,USD,current,3221960000.0,3221960000.0,3221960000.0
2024,Canada,USD,current,7419640000.0,7419640000.0,7419640000.0
2024,Czechia,USD,current,572250000.0,572250000.0,572250000.0
2024,Denmark,USD,current,3167530000.0,3167530000.0,3167530000.0
2024,Estonia,USD,current,83440000.0,83440000.0,83440000.0
2024,Finland,USD,current,1408260000.0,1408260000.0,1408260000.0
2024,France,USD,current,15433220000.0,15433220000.0,15433220000.0
2024,Germany,USD,current,32421830000.0,32421830000.0,32421830000.0
2024,Greece,USD,current,357650000.0,357650000.0,357650000.0
2024,Hungary,USD,current,190550000.0,190550000.0,190550000.0
2024,Iceland,USD,current,111710000.0,111710000.0,111710000.0
2024,Ireland,USD,current,2469260000.0,2469260000.0,2469260000.0
2024,Italy,USD,current,6671860000.0,6671860000.0,6671860000.0
2024,Japan,USD,current,16771669999.999998,16771669999.999998,16771669999.999998
2024,Korea,USD,current,3942530000.0,3942530000.0,3942530000.0
2024,Latvia,USD,current,111620000.0,111620000.0,111620000.0
2024,Lithuania,USD,current,193420000.0,193420000.0,193420000.0
2024,Luxembourg,USD,current,596620000.0,596620000.0,596620000.0
2024,Netherlands,USD,current,7522730000.0,7522730000.0,7522730000.0
2024,New Zealand,USD,current,780750000.0,780750000.0,780750000.0
2024,Norway,USD,current,5180220000.0,5180220000.0,5180220000.0
2024,Poland,USD,current,2064690000.0,2064690000.0,2064690000.0
2024,Portugal,USD,current,669110000.0,669110000.0,669110000.0
2024,Slovak Republic,USD,current,191390000.0,191390000.0,191390000.0
2024,Slovenia,USD,current,164360000.0,164360000.0,164360000.0
2024,Spain,USD,current,4350470000.0,4350470000.0,4350470000.0
2024,Sweden,USD,current,5006970000.0,5006970000.0,5006970000.0
2024,Switzerland,USD,current,4602580000.0,4602580000.0,4602580000.0
2024,United Kingdom,USD,current,17971330000.0,17971330000.0,17971330000.0
2024,United States,USD,current,63298510000.0,63298510000.0,63298510000.0
2025,Australia,USD,current,,3401508712.7832212,3290887379.4498878
2025,Austria,USD,current,,1819620000.0,1758966000.0
2025,Belgium,USD,current,,3046341750.771873,2938943084.105206
2025,Canada,USD,current,,5829051695.965634,5581730362.632301
2025,Czechia,USD,current,,572250000.0,553175000.0
2025,Denmark,USD,current,,3202746954.0069337,3097162620.6736007
2025,Estonia,USD,current,,83440000.0,80658666.66666667
2025,Finland,USD,current,,1408260000.0,1361318000.0
2025,France,USD,current,,13086819280.140707,12572378613.47404
2025,Germany,USD,current,,25716707787.652843,24635980120.986176
2025,Greece,USD,current,,357650000.0,345728333.3333333
2025,Hungary,USD,current,,190550000.0,184198333.33333334
2025,Iceland,USD,current,,111710000.0,107986333.33333333
2025,Ireland,USD,current,,1943296985.1059697,1860988318.439303
2025,Italy,USD,current,,7828736812.968066,7606341479.634732
2025,Japan,USD,current,,21032438629.52225,20473382962.855583
2025,Korea,USD,current,,6502212771.813341,6370795105.146674
2025,Latvia,USD,current,,111620000.0,107899333.33333333
2025,Lithuania,USD,current,,193420000.0,186972666.66666666
2025,Luxembourg,USD,current,,596620000.0,576732666.6666666
2025,Netherlands,USD,current,,7428569889.201408,7177812222.534741
2025,New Zealand,USD,current,,780750000.0,754725000.0
2025,Norway,USD,current,,4770736382.331517,4598062382.331517
2025,Poland,USD,current,,2064690000.0,1995867000.0
2025,Portugal,USD,current,,669110000.0,646806333.3333334
2025,Slovak Republic,USD,current,,191390000.0,185010333.33333334
2025,Slovenia,USD,current,,164360000.0,158881333.33333334
2025,Spain,USD,current,,4287358516.235863,4142342849.5691967
2025,Sweden,USD,current,,4666194713.495662,4499295713.495662
2025,Switzerland,USD,current,,3765318086.7226954,3611898753.389362
2025,United Kingdom,USD,current,,16013890439.574356,15414846106.241022
2025,United States,USD,current,,50638808000.0,46418907333.333336
2026,Australia,USD,current,,3499855588.985341,3278612922.3186746
2026,Austria,USD,current,,1819620000.0,1698312000.0
2026,Belgium,USD,current,,2907237728.1710315,2692440394.8376985
2026,Canada,USD,current,,6054620819.011028,5559978152.344362
2026,Czechia,USD,current,,572250000.0,534100000.0
2026,Denmark,USD,current,,3295825466.6504083,3084656799.9837418
2026,Estonia,USD,current,,83440000.0,77877333.33333333
2026,Finland,USD,current,,1408260000.0,1314376000.0
2026,France,USD,current,,13044073424.770033,12015192091.436699
2026,Germany,USD,current,,25633509392.233444,23472054058.900112
2026,Greece,USD,current,,357650000.0,333806666.6666667
2026,Hungary,USD,current,,190550000.0,177846666.66666666
2026,Iceland,USD,current,,111710000.0,104262666.66666667
2026,Ireland,USD,current,,2019150095.190904,1854532761.8575706
2026,Italy,USD,current,,7802927945.59409,7358137278.9274235
2026,Japan,USD,current,,22134412757.103703,21016301423.77037
2026,Korea,USD,current,,7053545114.463049,6790709781.129716
2026,Latvia,USD,current,,111620000.0,104178666.66666667
2026,Lithuania,USD,current,,193420000.0,180525333.33333334
2026,Luxembourg,USD,current,,596620000.0,556845333.3333334
2026,Netherlands,USD,current,,7516059627.464659,7014544294.131326
2026,New Zealand,USD,current,,780750000.0,728700000.0
2026,Norway,USD,current,,4758830878.851692,4413482878.851693
2026,Poland,USD,current,,2064690000.0,1927044000.0
2026,Portugal,USD,current,,669110000.0,624502666.6666666
2026,Slovak Republic,USD,current,,191390000.0,178630666.66666666
2026,Slovenia,USD,current,,164360000.0,153402666.66666666
2026,Spain,USD,current,,4458884843.122465,4168853509.789132
2026,Sweden,USD,current,,4406054858.041774,4072256858.041774
2026,Switzerland,USD,current,,3603242490.952751,3296403824.2860847
2026,United Kingdom,USD,current,,13254999994.916504,12056911328.249836
2026,United States,USD,current,,37979106000.00001,29539304666.666668
2027,Australia,USD,current,,3612160424.070566,3280296424.070566
2027,Austria,USD,current,,1819620000.0,1637658000.0
2027,Belgium,USD,current,,2783311310.055074,2461115310.055074
2027,Canada,USD,current,,6253471388.980886,5511507388.980886
2027,Czechia,USD,current,,572250000.0,515025000.0
2027,Denmark,USD,current,,3391370658.3902564,3074617658.3902564
2027,Estonia,USD,current,,83440000.0,75096000.0
2027,Finland,USD,current,,1408260000.0,1267434000.0
2027,France,USD,current,,13068019808.027122,11524697808.027122
2027,Germany,USD,current,,25681406272.190865,22439223272.190865
2027,Greece,USD,current,,357650000.0,321885000.0
2027,Hungary,USD,current,,190550000.0,171495000.0
2027,Iceland,USD,current,,111710000.0,100539000.0
2027,Ireland,USD,current,,2109702182.7596955,1862776182.7596955
2027,Italy,USD,current,,7817430670.333307,7150244670.333306
2027,Japan,USD,current,,23402863874.890583,21725696874.890583
2027,Korea,USD,current,,7352057976.029648,6957804976.029648
2027,Latvia,USD,current,,111620000.0,100458000.0
2027,Lithuania,USD,current,,193420000.0,174078000.0
2027,Luxembourg,USD,current,,596620000.0,536958000.0
2027,Netherlands,USD,current,,5590332850.782376,4838059850.782377
2027,New Zealand,USD,current,,780750000.0,702675000.0
2027,Norway,USD,current,,4692217133.59404,4174195133.5940394
2027,Poland,USD,current,,2064690000.0,1858221000.0
2027,Portugal,USD,current,,669110000.0,602199000.0
2027,Slovak Republic,USD,current,,191390000.0,172251000.0
2027,Slovenia,USD,current,,164360000.0,147924000.0
2027,Spain,USD,current,,4646318932.905636,4211271932.9056354
2027,Sweden,USD,current,,4391376865.58792,3890679865.58792
2027,Switzerland,USD,current,,3452186474.3537364,2991928474.353737
2027,United Kingdom,USD,current,,10245581702.771545,8448448702.771545
2027,United States,USD,current,,25319404000.0,12659701999.999998
